timeslot,Seattle (OR),Cheyenne (WY),Chicago (PJM),New York (NY),Kansas City (KS),Berkeley County (SC)
0,71.98,688.43,495.25,363.54,702.16,528.81
1,60.0,693.29,500.47,373.34,716.42,534.1
2,56.27,727.55,505.85,377.27,711.25,533.4
3,55.56,748.9,500.22,376.48,702.06,530.31
4,69.31,748.05,489.71,367.32,685.01,510.89
5,95.07,728.66,476.68,351.86,694.15,504.84
6,98.02,732.56,465.14,337.33,692.21,505.01
7,118.03,744.41,457.56,331.78,698.58,500.75
8,149.43,754.29,450.59,331.1,696.68,497.72
9,158.15,778.11,454.23,338.2,693.42,501.17
10,160.9,796.32,461.08,345.93,701.22,505.42
11,158.21,829.22,462.17,348.79,697.45,502.85
12,111.96,830.4,462.77,354.62,714.51,499.44
13,110.5,762.6,462.45,358.71,719.28,493.61
14,108.88,693.39,458.97,362.93,719.65,481.34
15,109.44,670.42,462.51,367.69,705.27,477.2
16,110.97,671.67,462.39,365.66,702.86,490.68
17,106.72,645.77,455.77,363.79,701.95,492.13
18,102.82,646.57,441.63,359.59,687.28,488.41
19,104.32,638.28,445.48,358.42,667.93,479.68
20,94.06,644.32,448.87,366.06,658.64,480.42
21,74.23,679.78,451.2,355.39,655.06,488.24
22,59.32,717.66,454.15,351.06,659.71,503.82
23,56.01,737.66,465.83,352.15,664.6,515.58
24,63.6,733.51,479.43,356.06,663.54,516.01
25,64.45,697.32,482.36,356.88,672.0,518.35
26,79.18,736.7,481.93,369.21,689.31,514.37
27,66.66,745.45,481.33,366.54,717.91,506.25
28,67.43,759.49,469.57,358.63,748.56,502.82
29,97.28,787.51,462.0,347.62,738.03,485.37
30,86.78,831.62,451.52,332.26,685.53,477.11
31,75.52,867.93,444.38,328.97,665.05,471.05
32,78.67,887.32,440.5,324.01,642.33,466.06
33,94.93,867.0,441.63,332.43,618.47,469.56
34,94.38,857.95,446.91,338.34,616.79,480.18
35,91.61,862.21,444.0,342.86,663.8,478.63
36,91.05,849.56,434.83,350.34,711.51,481.11
37,89.86,774.84,431.01,358.2,708.01,484.0
38,95.03,702.98,436.01,359.31,702.24,481.16
39,94.95,657.53,444.47,362.62,694.6,477.84
40,94.64,652.62,447.7,363.43,689.39,476.5
41,92.11,644.13,449.66,367.24,689.49,484.96
42,88.59,649.39,443.63,370.52,681.62,496.62
43,85.61,653.42,443.83,366.63,657.55,496.15
44,80.83,671.57,447.79,358.8,655.46,491.31
45,74.01,651.69,450.44,357.04,652.64,491.19
46,64.43,598.33,455.73,347.66,649.26,490.25
47,66.8,607.77,467.72,359.95,639.17,499.54
48,58.72,574.01,478.74,362.23,641.06,506.07
49,50.99,574.19,479.27,362.36,645.26,513.7
50,43.64,653.37,483.16,365.78,634.58,508.35
51,36.27,674.9,484.26,358.31,629.48,496.09
52,43.08,701.7,469.97,346.2,614.8,486.63
53,62.07,742.64,459.19,340.69,575.45,476.51
54,55.33,775.28,449.09,330.11,599.27,469.12
55,65.07,812.64,440.03,329.2,645.09,464.66
56,69.8,837.57,435.92,332.66,638.57,459.19
57,81.39,855.52,438.18,337.98,653.48,458.07
58,60.12,857.54,442.98,329.6,672.01,463.34
59,60.89,868.35,438.11,333.34,684.6,456.45
60,66.24,879.35,425.08,345.68,713.89,435.05
61,72.59,870.28,422.67,351.52,709.2,446.16
62,73.91,785.23,433.71,359.5,689.12,462.44
63,79.86,734.55,437.74,366.61,654.95,476.87
64,87.7,709.94,444.64,375.59,636.18,484.37
65,84.56,691.43,445.5,370.18,631.99,482.76
66,78.05,699.56,446.1,370.69,603.04,486.78
67,76.96,698.56,449.5,363.76,589.56,481.0
68,77.33,673.68,450.48,352.37,569.11,472.42
69,90.53,628.7,455.36,353.66,585.05,476.41
70,71.98,627.44,462.17,354.93,594.46,489.51
71,68.12,584.36,475.59,356.41,605.85,502.02
72,56.77,566.7,487.62,358.23,615.65,511.68
73,54.96,557.14,487.68,360.78,615.75,508.93
74,63.08,650.82,490.21,356.63,614.78,506.41
75,50.89,687.43,486.0,344.86,599.64,513.5
76,38.03,739.9,473.52,340.35,585.2,493.1
77,60.49,764.8,460.41,341.54,527.72,476.39
78,48.68,774.33,448.19,333.59,487.16,465.63
79,88.35,810.64,438.49,330.14,460.96,459.0
80,98.8,822.19,430.37,324.83,486.81,456.48
81,105.65,818.93,424.59,336.61,534.66,453.66
82,106.25,830.99,420.56,330.52,561.14,452.19
83,113.88,813.26,404.84,323.96,566.97,440.99
84,125.57,831.75,386.97,320.06,607.99,423.5
85,120.82,691.05,386.75,322.1,647.5,440.61
86,72.98,455.62,389.29,321.46,631.04,454.55
87,25.72,375.21,396.46,324.74,607.73,465.5
88,61.09,402.81,404.89,331.0,601.05,479.87
89,85.73,359.7,415.76,336.4,576.71,482.4
90,83.51,360.34,420.32,340.17,557.77,478.41
91,82.09,366.4,419.96,348.33,558.43,481.27
92,81.32,384.76,429.83,355.62,566.12,482.13
93,82.19,392.88,439.44,355.46,569.98,475.32
94,85.01,437.0,447.76,359.91,571.51,474.74
95,42.56,425.58,464.36,361.42,574.34,492.6
96,46.53,421.89,478.2,358.66,587.68,504.35
97,69.15,515.58,477.93,354.32,580.68,499.35
98,58.3,751.56,475.31,354.49,557.52,503.22
99,68.25,826.8,473.86,347.69,555.83,497.45
100,73.02,786.24,459.47,335.55,542.03,493.29
101,84.41,753.96,445.53,318.98,529.17,468.48
102,85.09,700.14,433.39,300.46,530.67,455.31
103,78.88,635.24,425.58,293.92,516.1,449.08
104,78.62,698.45,419.43,291.55,497.09,449.09
105,78.64,704.88,415.64,291.82,489.31,450.98
106,78.64,726.78,413.02,299.39,476.36,451.0
107,82.69,748.74,396.39,312.87,478.1,438.89
108,86.15,750.23,381.02,320.4,524.47,415.1
109,79.41,623.02,382.17,334.81,578.59,425.81
110,86.22,470.61,392.41,340.34,583.36,456.37
111,83.16,414.77,409.31,342.55,588.46,466.99
112,83.53,416.69,419.5,343.66,597.75,477.3
113,78.61,422.73,432.37,355.8,588.39,487.62
114,72.76,435.87,429.84,357.12,569.23,490.89
115,79.24,499.8,432.8,360.01,568.18,486.77
116,76.19,530.24,440.47,367.19,566.54,489.98
117,80.19,517.15,445.58,361.96,570.0,491.62
118,83.3,544.38,452.32,358.13,573.73,494.22
119,62.08,542.25,466.06,354.25,595.23,502.78
120,80.93,570.16,481.53,356.8,612.9,521.64
121,64.76,624.05,483.48,357.91,609.86,517.3
122,60.57,740.46,484.97,353.83,613.34,513.13
123,45.04,762.33,473.5,338.86,635.33,509.83
124,65.01,726.52,461.59,326.59,627.4,499.3
125,120.44,668.14,450.64,310.34,591.69,490.27
126,122.93,698.58,441.98,297.34,571.63,475.91
127,148.63,791.74,431.42,290.28,555.61,467.7
128,173.02,792.4,422.76,293.32,548.89,464.14
129,176.38,837.51,418.56,294.13,532.61,464.61
130,177.87,854.49,418.8,303.35,539.09,461.93
131,176.62,876.22,412.98,312.04,542.21,450.6
132,173.24,877.08,406.5,318.12,574.37,431.33
133,154.65,753.14,412.62,336.43,620.76,432.74
134,135.45,578.39,419.09,340.9,625.67,458.08
135,124.84,486.97,426.07,350.15,638.59,476.59
136,128.27,504.65,444.12,357.62,645.92,481.11
137,128.03,524.6,452.89,362.9,665.7,493.3
138,126.82,547.42,461.13,370.15,666.91,495.46
139,124.08,571.58,464.36,366.92,653.61,502.25
140,124.29,576.74,462.79,359.63,659.69,509.04
141,121.63,581.03,467.66,345.46,649.84,514.42
142,121.73,581.71,473.88,353.26,646.68,518.23
143,83.37,584.29,484.7,353.53,661.77,530.46
144,74.7,611.75,497.12,357.77,698.54,534.66
145,40.99,665.29,501.84,368.98,707.37,539.36
146,45.93,706.98,497.69,372.04,713.78,542.15
147,73.15,739.79,499.79,365.71,708.16,536.56
148,81.85,724.57,492.78,361.84,674.13,521.37
149,156.31,752.28,487.87,350.86,667.17,506.31
150,185.81,803.98,480.25,341.56,644.01,497.1
151,173.38,850.59,470.84,340.31,639.37,483.73
152,192.54,860.8,467.04,341.48,652.28,482.36
153,198.17,865.0,468.84,346.98,662.78,489.4
154,202.64,875.42,475.41,347.47,695.96,493.62
155,202.7,867.38,479.97,357.14,700.75,490.95
156,188.42,866.59,476.57,369.31,713.02,486.11
157,166.29,769.38,475.78,381.11,714.89,497.76
158,160.03,645.29,477.01,383.04,700.9,507.74
159,177.83,624.34,479.32,384.23,687.14,512.56
160,166.97,620.8,478.57,384.36,678.15,517.91
161,127.11,595.76,477.49,379.6,658.53,521.61
162,136.71,573.61,476.25,371.44,632.08,517.84
163,127.11,578.94,474.44,358.43,607.97,516.09
164,121.52,593.49,476.38,360.8,604.48,511.86
165,116.2,586.3,480.42,361.12,582.94,512.17
166,82.6,596.28,481.23,359.96,586.96,513.25
167,64.15,627.59,487.99,355.56,589.87,522.73
168,57.45,669.74,499.76,369.47,597.56,530.33
169,58.47,710.36,508.61,378.75,622.93,539.18
170,57.46,738.5,511.89,383.18,642.71,542.43
171,67.11,717.37,510.52,391.91,643.07,541.58
172,97.04,676.37,500.74,385.98,639.45,524.72
173,116.68,732.33,491.12,378.29,582.3,507.15
174,127.71,782.6,480.73,367.62,541.6,505.63
175,120.81,833.46,472.45,361.58,541.13,490.37
176,153.56,849.82,467.93,362.41,599.26,479.35
177,162.84,868.51,470.39,372.47,636.01,481.81
178,158.0,886.62,474.3,373.05,608.94,491.13
179,158.6,910.78,474.26,374.48,600.75,495.38
180,160.22,904.64,467.04,378.49,600.94,483.07
181,152.51,784.63,461.55,382.01,616.64,487.26
182,147.68,667.71,463.03,388.66,598.26,499.92
183,148.38,612.2,468.08,393.05,573.74,516.96
184,145.99,600.85,468.67,386.41,573.26,513.21
185,140.33,572.24,470.38,374.43,579.94,515.19
186,140.18,544.23,471.74,371.57,569.46,520.68
187,138.01,546.08,474.02,375.53,567.39,519.82
188,133.94,540.14,478.49,378.58,565.2,510.27
189,127.73,542.57,481.84,376.33,570.86,507.84
190,120.93,594.29,483.71,376.55,568.15,522.31
191,66.52,603.5,493.27,374.44,561.4,526.29
192,66.6,622.97,506.79,379.01,567.53,534.95
193,60.46,708.01,513.06,389.46,578.76,545.25
194,53.54,811.03,519.07,395.25,584.94,552.38
195,56.4,825.61,518.58,394.35,589.98,542.92
196,66.78,819.15,505.57,380.86,610.63,524.59
197,86.69,829.18,493.36,370.62,623.05,505.47
198,87.38,853.34,479.85,358.14,630.96,505.2
199,111.07,853.02,475.44,358.39,630.83,503.04
200,111.21,836.3,473.93,354.64,633.0,494.54
201,110.7,829.36,476.5,361.33,633.96,495.07
202,117.94,802.22,482.67,380.16,630.97,498.8
203,111.48,780.7,484.96,376.4,639.36,500.19
204,107.57,790.21,483.51,375.34,635.21,492.45
205,114.14,717.3,476.98,377.11,639.8,495.18
206,107.19,626.39,479.07,384.71,622.85,509.33
207,104.28,631.88,482.07,392.15,607.23,517.83
208,100.15,612.52,480.61,405.2,604.25,521.16
209,108.61,561.89,472.73,406.68,600.14,527.65
210,104.47,532.71,467.78,406.57,599.18,530.55
211,99.78,536.31,470.84,406.28,586.83,529.16
212,104.34,532.69,472.75,403.16,576.37,529.87
213,99.5,545.2,483.19,389.83,565.35,524.56
214,95.31,583.56,494.68,388.98,565.7,520.88
215,61.56,574.79,499.74,393.53,563.56,518.32
216,64.07,625.51,505.54,401.34,574.94,531.42
217,66.73,679.02,511.76,406.78,578.4,538.28
218,63.18,747.35,515.69,410.12,574.79,538.43
219,74.34,693.46,508.93,406.1,543.89,532.91
220,73.64,653.21,492.66,392.66,536.67,517.16
221,96.71,738.32,477.24,377.42,536.2,503.2
222,95.92,759.7,460.34,365.23,543.89,501.83
223,140.86,751.26,451.71,356.76,528.6,492.1
224,145.96,682.34,446.27,355.57,507.18,480.61
225,148.96,696.95,447.06,358.84,555.22,479.54
226,149.04,677.79,453.68,363.91,664.34,486.55
227,151.25,732.24,461.37,367.32,705.72,486.08
228,139.6,765.81,460.91,377.6,701.75,474.52
229,134.83,637.16,456.91,384.53,677.32,471.27
230,126.54,491.08,459.29,387.72,642.76,476.36
231,134.3,415.26,466.96,390.16,632.3,482.6
232,123.85,450.48,468.42,393.02,611.83,505.47
233,109.21,506.84,466.69,386.29,597.06,514.18
234,99.14,520.78,456.79,386.97,591.85,516.9
235,96.08,519.37,457.66,384.81,595.0,515.15
236,102.15,520.85,460.94,370.31,599.62,518.11
237,94.38,503.92,464.33,369.94,603.32,511.51
238,90.5,513.1,466.27,371.71,609.91,513.69
239,43.86,503.89,477.24,373.0,613.34,518.46
240,40.69,483.58,490.96,379.33,604.91,533.44
241,39.72,542.12,496.96,381.38,583.41,530.76
242,47.8,706.45,503.69,390.74,590.79,534.45
243,62.42,750.25,501.59,393.8,590.96,515.61
244,77.6,736.18,492.44,384.79,605.32,498.18
245,114.22,741.83,477.77,377.35,576.04,495.63
246,113.07,759.33,462.85,365.22,535.53,496.74
247,179.23,783.44,450.42,352.33,564.26,490.77
248,191.39,756.56,442.51,360.6,589.29,477.81
249,212.04,726.88,446.32,364.33,597.02,492.53
250,214.08,700.12,452.69,371.96,533.56,499.36
251,220.71,687.12,452.48,379.73,577.63,494.27
252,214.43,708.08,452.46,388.82,609.32,482.39
253,184.4,597.34,452.55,391.13,593.64,482.69
254,155.91,508.39,461.0,386.72,571.16,486.39
255,156.91,522.55,466.99,390.79,558.24,500.94
256,156.45,552.6,471.67,392.94,563.87,523.96
257,150.87,559.99,471.87,392.32,551.76,530.74
258,150.98,545.28,466.47,387.63,553.23,532.74
259,149.74,527.41,462.82,377.3,535.44,535.75
260,147.36,512.22,460.97,372.63,527.87,533.41
261,144.76,499.19,459.28,366.85,517.16,529.55
262,132.01,486.71,468.5,367.76,516.08,520.08
263,68.92,515.76,481.82,375.75,533.04,512.93
264,65.15,571.31,494.4,380.78,545.41,532.66
265,68.96,655.5,502.58,386.93,571.02,539.35
266,63.84,757.73,501.62,393.02,580.21,538.9
267,71.1,786.88,492.07,399.08,581.81,521.75
268,89.85,775.76,479.03,385.31,578.83,516.15
269,121.09,752.78,476.97,375.5,613.21,507.47
270,106.55,775.19,470.22,368.68,621.38,500.43
271,131.27,806.01,459.18,358.16,633.49,494.72
272,153.25,817.53,448.81,349.86,622.99,489.11
273,159.37,837.1,444.32,348.3,593.42,485.86
274,162.49,810.34,443.52,345.97,568.17,484.88
275,155.01,782.33,440.77,350.98,568.18,480.09
276,153.28,780.28,433.16,363.16,606.49,464.18
277,134.37,641.49,430.78,371.67,633.31,459.29
278,127.7,507.75,440.64,382.68,628.24,468.75
279,131.26,475.09,453.96,384.69,611.0,491.66
280,121.64,495.78,460.5,391.11,607.72,511.48
281,119.92,506.58,464.21,392.25,600.58,517.5
282,117.64,473.63,464.56,390.14,589.8,529.28
283,107.43,458.16,466.67,382.82,592.4,526.48
284,105.23,478.5,469.84,378.99,598.5,528.71
285,107.54,508.35,470.71,364.58,595.19,531.8
286,89.31,515.25,473.43,367.97,590.04,537.8
287,62.21,520.44,478.71,374.42,604.28,547.9
288,76.52,565.86,485.45,379.74,607.39,557.88
289,63.49,662.8,488.27,377.1,611.76,553.94
290,45.05,750.31,487.93,378.87,604.56,555.66
291,52.51,766.28,486.82,374.25,608.77,538.83
292,81.44,802.18,476.83,359.33,622.51,514.01
293,93.35,840.45,468.83,344.65,608.22,510.67
294,120.94,875.08,457.79,343.52,597.89,511.68
295,143.87,885.85,448.88,340.03,613.01,510.76
296,179.72,882.21,442.52,335.4,611.91,508.89
297,187.16,877.98,439.56,335.37,609.73,503.73
298,193.78,875.83,436.89,336.2,616.54,499.59
299,196.82,885.76,431.61,349.29,620.02,481.21
300,202.63,868.48,427.36,356.92,656.24,446.37
301,197.4,728.88,427.5,367.5,657.37,448.64
302,192.99,586.47,433.08,371.65,665.23,454.71
303,163.29,529.64,443.45,376.27,660.63,476.08
304,151.59,533.05,448.93,380.28,649.26,493.86
305,154.46,536.79,454.24,378.41,635.75,506.3
306,145.41,548.5,454.48,378.86,626.84,510.8
307,124.48,547.56,454.74,375.44,626.04,509.28
308,128.14,542.54,460.22,373.06,620.25,511.26
309,134.59,545.33,466.8,363.24,615.14,514.16
310,126.07,545.83,472.58,357.56,603.07,524.51
311,74.62,561.48,479.04,361.96,602.64,543.43
312,64.39,611.03,484.43,370.56,613.28,552.36
313,55.52,663.05,492.39,374.71,617.55,555.09
314,58.04,713.53,495.48,380.97,621.71,556.51
315,71.36,699.71,492.33,383.84,637.72,544.78
316,77.8,702.59,486.63,373.82,647.74,525.16
317,103.9,704.44,483.89,369.87,653.47,517.93
318,123.14,720.57,473.33,358.54,653.98,516.42
319,152.12,760.34,461.96,353.01,651.77,507.96
320,179.0,779.29,456.97,353.35,655.08,503.43
321,176.38,813.02,460.72,358.42,658.49,512.3
322,176.85,843.9,472.55,371.81,681.31,519.54
323,179.32,860.47,473.41,372.14,679.2,516.27
324,150.31,859.02,467.91,380.36,687.18,499.36
325,148.8,747.07,461.88,386.87,692.85,498.53
326,148.19,659.99,462.14,387.88,683.54,510.73
327,135.9,603.45,463.05,388.04,675.62,527.76
328,126.75,600.1,462.58,390.81,671.21,532.1
329,119.73,590.12,460.35,390.69,672.3,531.23
330,119.34,568.95,462.36,388.81,673.87,527.93
331,116.05,568.89,466.39,387.06,677.16,524.06
332,115.18,546.03,470.36,387.51,678.46,525.04
333,112.9,532.42,476.28,385.52,674.55,527.34
334,94.18,557.79,481.03,386.12,670.86,530.25
335,64.52,583.54,491.24,382.12,660.11,540.3
336,60.2,594.72,501.45,376.21,665.99,551.07
337,62.37,641.1,510.12,384.12,685.54,561.08
338,82.08,690.93,510.98,392.22,654.0,565.28
339,100.81,669.26,506.92,389.72,619.22,561.76
340,111.37,709.44,496.12,382.5,620.07,559.1
341,119.16,685.22,480.73,375.09,577.91,537.92
342,129.0,690.77,468.13,360.56,571.59,527.52
343,182.25,705.47,457.84,347.78,555.55,521.57
344,196.92,773.33,452.5,347.42,547.1,519.23
345,206.4,784.45,455.14,358.02,557.68,518.62
346,220.01,786.37,461.98,365.45,582.97,519.19
347,222.97,793.73,464.5,371.97,620.21,516.75
348,214.9,783.41,458.22,377.8,661.09,500.72
349,194.52,708.01,457.11,385.59,696.94,504.85
350,190.47,568.47,463.07,393.25,696.3,524.62
351,184.9,528.06,468.23,395.66,683.15,531.56
352,177.06,521.76,469.81,392.37,681.12,526.26
353,170.28,487.79,475.69,387.55,673.89,524.0
354,162.52,495.52,478.96,384.04,673.22,513.74
355,136.21,480.76,478.58,380.73,670.4,505.74
356,128.56,532.35,477.15,381.63,674.04,508.4
357,114.25,540.48,486.29,384.26,670.97,516.44
358,112.34,548.98,494.67,386.68,660.85,518.1
359,82.22,606.56,503.55,381.8,658.72,523.43
360,74.1,614.73,509.62,372.09,647.08,539.43
361,73.76,654.18,507.2,371.37,630.27,546.81
362,76.24,737.21,510.66,386.26,607.7,548.13
363,82.0,710.16,510.91,401.04,581.15,546.91
364,104.83,757.76,506.74,391.07,544.04,542.59
365,163.73,818.84,496.82,382.32,499.41,538.91
366,179.92,842.47,487.7,376.52,482.4,528.62
367,184.69,817.35,478.22,370.31,482.69,515.98
368,190.53,856.2,470.31,370.65,513.35,508.72
369,201.92,851.24,472.7,371.12,583.53,509.46
370,206.07,855.07,484.79,374.55,556.78,513.36
371,203.61,866.01,491.48,379.61,600.54,512.44
372,204.32,872.0,493.35,385.08,621.17,499.29
373,194.17,788.93,491.74,386.29,660.45,503.41
374,199.35,649.41,492.96,391.66,689.85,503.96
375,190.68,610.7,485.49,396.87,688.67,509.82
376,190.98,596.48,480.96,396.38,685.84,521.56
377,184.34,579.1,475.4,399.46,678.95,522.74
378,181.23,555.5,469.57,388.95,677.61,515.51
379,174.67,549.41,475.79,379.32,670.26,511.46
380,153.67,584.42,478.9,381.06,662.91,511.95
381,136.08,566.26,473.79,378.89,657.86,512.25
382,113.04,554.87,476.06,375.9,652.26,513.06
383,85.54,592.08,482.74,370.83,653.18,520.34
384,63.54,586.1,491.03,373.41,663.75,533.6
385,64.51,652.73,495.75,375.5,668.11,537.27
386,64.28,747.13,490.59,379.83,667.53,541.76
387,94.1,734.09,486.88,388.18,687.93,537.52
388,95.01,700.36,482.83,383.3,690.79,536.22
389,124.77,693.0,470.26,376.8,636.56,524.21
390,141.97,747.02,454.53,375.03,625.58,515.8
391,175.73,794.22,448.89,372.51,654.87,502.92
392,178.76,827.74,445.96,367.94,659.35,501.12
393,190.45,846.15,450.73,368.98,694.42,501.99
394,195.08,819.27,463.43,368.57,734.71,507.77
395,195.88,809.59,468.27,363.32,719.5,505.07
396,186.74,813.98,458.85,363.14,713.47,487.3
397,179.57,734.92,448.9,362.53,703.53,498.75
398,175.1,615.6,452.69,363.73,709.59,504.03
399,156.22,547.89,459.31,366.53,725.23,511.25
400,148.31,500.39,462.92,362.79,725.93,517.7
401,141.11,500.05,462.0,367.43,741.39,522.91
402,138.57,509.73,460.02,354.96,733.9,512.34
403,108.84,533.26,463.72,338.14,732.96,512.28
404,100.31,602.08,465.33,338.73,723.38,514.12
405,99.61,596.46,469.29,341.36,714.56,513.04
406,102.69,598.79,477.66,344.2,715.45,515.73
407,67.06,601.98,484.79,345.33,724.24,535.05
408,53.43,640.33,485.6,352.46,723.86,549.41
409,52.41,661.83,489.06,354.0,728.24,551.77
410,70.07,697.87,491.5,348.65,723.75,550.51
411,97.38,685.8,489.35,361.24,733.29,546.04
412,98.68,701.56,474.36,362.14,732.93,535.17
413,119.48,699.7,466.04,357.75,745.76,511.0
414,122.88,701.64,460.35,351.98,753.16,503.11
415,138.08,718.77,452.15,343.85,746.6,504.63
416,152.16,710.75,446.96,353.53,730.11,504.38
417,166.59,713.5,449.95,359.4,728.9,504.46
418,168.26,737.58,456.38,362.58,723.65,502.7
419,157.94,744.99,457.88,359.32,720.43,495.8
420,157.5,777.02,454.64,353.17,730.68,479.91
421,121.65,762.98,450.75,357.0,711.87,486.07
422,117.1,657.58,453.39,347.88,695.87,499.6
423,119.36,630.23,447.87,354.89,689.09,509.21
424,112.98,639.31,447.09,361.84,682.0,512.55
425,110.24,638.9,446.76,358.57,640.98,513.79
426,105.08,636.94,445.55,354.7,625.73,513.58
427,94.53,652.18,448.59,360.4,631.54,511.16
428,98.08,633.65,451.5,368.04,631.15,509.15
429,96.71,610.71,457.81,367.84,629.42,503.78
430,89.95,612.72,466.18,370.73,641.31,508.77
431,70.54,627.69,475.32,369.38,651.86,523.35
432,57.7,695.91,481.84,368.48,672.02,537.88
433,49.23,776.64,489.13,368.12,679.36,542.99
434,55.02,790.27,494.18,356.59,671.33,544.53
435,78.75,733.67,485.52,341.23,655.23,538.54
436,81.22,662.56,469.08,334.01,667.53,521.67
437,96.04,705.24,454.82,322.66,663.8,497.45
438,89.36,784.35,442.96,310.78,641.31,494.47
439,124.1,777.6,435.24,314.25,634.02,489.73
440,125.9,755.75,430.53,314.92,617.89,486.69
441,138.63,676.99,428.32,316.36,591.05,488.7
442,137.85,616.72,427.51,324.06,576.78,487.95
443,134.28,610.73,422.21,332.1,588.21,480.61
444,137.35,586.73,420.96,342.93,622.2,455.6
445,141.62,544.11,423.14,355.28,651.71,455.96
446,115.96,428.52,427.25,343.63,669.77,464.79
447,115.17,361.79,425.97,343.74,661.5,476.27
448,113.71,343.07,427.38,346.63,645.55,494.39
449,110.84,339.47,432.54,349.48,621.26,507.07
450,111.99,383.83,431.8,352.3,614.35,508.23
451,108.96,432.96,434.58,359.5,609.51,509.08
452,105.63,419.15,450.33,368.86,612.57,506.3
453,104.17,386.49,463.32,376.16,620.08,511.13
454,89.51,439.31,466.91,376.49,626.3,517.23
455,60.1,457.17,474.55,377.8,628.31,530.46
456,65.69,536.31,481.9,382.96,648.43,538.09
457,63.11,620.07,487.26,381.22,642.19,539.03
458,67.59,681.53,491.67,375.84,615.67,540.24
459,67.87,677.89,480.57,372.8,596.81,531.25
460,70.51,673.65,460.62,361.68,571.22,514.67
461,91.21,706.27,451.88,354.73,585.23,501.35
462,97.31,688.09,444.67,347.49,580.12,495.7
463,134.33,697.3,439.21,344.62,580.53,494.14
464,134.74,690.21,434.79,340.99,605.64,495.74
465,139.76,672.81,434.57,339.62,626.32,495.43
466,105.23,676.6,434.35,343.49,616.07,495.82
467,98.84,683.48,426.38,340.22,605.09,486.71
468,95.64,702.03,422.37,349.78,604.44,465.85
469,99.52,629.97,425.68,349.33,620.22,471.96
470,123.84,470.09,422.74,349.86,612.95,474.05
471,126.56,416.29,429.05,349.03,628.5,484.9
472,126.99,407.83,436.06,350.82,633.02,498.83
473,124.69,390.82,445.6,356.63,636.1,511.41
474,120.83,377.65,447.08,363.16,649.62,512.74
475,115.87,363.03,451.53,363.05,628.12,510.01
476,110.06,356.54,447.66,365.49,633.75,510.8
477,111.79,384.95,449.41,362.75,645.18,514.63
478,98.41,453.3,455.58,359.73,649.94,519.74
479,69.67,489.27,473.15,358.05,654.99,523.55
480,57.66,588.75,477.22,365.75,664.57,538.37
481,46.64,681.21,475.99,361.89,668.95,541.08
482,46.57,782.17,476.73,366.85,659.38,540.89
483,68.99,808.96,469.26,377.86,648.53,538.68
484,79.96,804.47,454.22,365.65,651.46,529.46
485,117.14,816.13,452.21,349.7,639.08,510.23
486,128.72,838.44,449.11,341.09,635.8,509.22
487,164.53,853.78,444.23,332.47,616.74,510.67
488,174.35,859.14,443.1,329.56,618.49,510.1
489,201.77,898.06,446.17,338.64,632.88,509.89
490,198.26,897.91,450.13,344.8,645.4,510.68
491,189.78,870.62,452.44,351.8,654.32,508.3
492,181.51,864.63,448.95,352.94,654.79,494.62
493,128.75,825.02,443.09,353.17,654.04,497.41
494,138.36,716.78,439.91,351.45,631.48,511.36
495,142.31,673.67,437.47,349.45,640.66,521.29
496,138.99,659.35,441.28,360.18,643.14,519.13
497,136.05,653.08,439.5,365.14,640.75,518.84
498,145.69,643.47,445.81,363.59,642.0,514.14
499,144.98,608.27,443.22,366.35,681.91,518.01
500,140.37,571.31,451.58,364.82,672.63,517.14
501,137.15,534.65,453.12,368.28,675.71,519.24
502,112.58,530.51,464.14,373.22,675.49,521.41
503,88.66,523.68,477.13,369.25,666.47,536.02
504,83.96,531.42,484.85,372.24,667.02,544.79
505,83.51,666.91,487.64,368.44,623.39,556.97
506,82.95,782.6,485.48,359.95,636.94,563.38
507,82.92,789.66,470.2,352.04,658.96,554.1
508,83.16,777.73,457.37,345.46,661.91,542.7
509,97.98,770.66,448.98,341.83,635.95,509.8
510,118.86,741.09,447.32,327.62,630.65,499.99
511,186.39,741.23,441.69,330.56,628.09,498.78
512,187.72,766.13,438.98,329.02,627.02,496.2
513,193.63,782.79,442.72,348.04,613.72,496.2
514,189.91,806.61,449.74,345.63,594.79,505.84
515,194.02,818.46,445.58,351.02,607.19,504.79
516,187.14,815.14,430.37,354.88,646.65,489.58
517,146.51,718.47,421.51,357.0,685.98,488.68
518,128.18,544.05,424.26,357.06,701.75,498.91
519,133.61,465.2,428.79,357.96,671.55,520.74
520,141.09,481.91,435.44,362.68,673.51,526.36
521,149.5,504.12,441.29,368.46,657.83,524.74
522,146.26,491.69,443.01,366.51,653.55,521.92
523,149.84,488.5,450.91,369.76,649.88,521.95
524,146.9,484.58,451.88,372.01,639.15,521.24
525,139.31,468.05,457.14,377.49,630.8,525.33
526,110.61,493.51,468.55,379.66,624.3,526.14
527,93.43,494.35,483.15,381.5,655.35,525.13
528,74.88,492.24,495.04,383.34,659.61,533.25
529,65.73,602.25,496.72,379.76,664.21,540.44
530,69.32,728.49,490.86,373.07,675.98,542.37
531,83.48,709.55,481.8,364.26,697.76,537.38
532,85.66,711.65,468.92,361.01,694.35,521.58
533,117.01,735.47,457.81,351.28,680.47,512.66
534,151.73,795.6,449.44,337.34,688.42,507.52
535,174.79,759.08,441.66,334.58,659.44,506.31
536,186.86,709.31,438.47,339.21,639.64,504.47
537,198.62,735.75,442.24,344.22,612.95,504.92
538,192.28,773.61,451.5,345.35,637.07,505.93
539,187.22,826.24,446.97,344.18,693.15,509.32
540,162.46,857.14,431.88,350.18,705.76,502.49
541,124.39,729.02,430.76,355.37,727.9,503.58
542,126.08,559.99,434.72,348.01,746.96,510.21
543,136.28,529.49,443.4,350.61,730.24,519.67
544,151.87,499.59,451.52,361.2,712.48,521.6
545,145.83,493.14,456.87,368.29,697.0,517.9
546,137.71,469.94,449.91,367.79,690.4,512.42
547,137.04,444.84,455.38,374.69,677.06,511.6
548,138.05,439.41,460.82,383.97,671.48,505.29
549,131.22,438.99,463.37,383.63,653.54,510.37
550,111.78,450.78,470.2,384.24,652.2,517.79
551,97.64,430.61,485.4,384.54,658.78,522.82
552,86.74,490.6,498.3,381.5,657.39,531.22
553,77.4,606.12,499.13,377.88,670.15,528.54
554,59.9,684.68,497.57,366.16,688.43,522.04
555,77.15,679.54,493.58,351.64,708.6,515.43
556,87.37,714.43,483.32,348.7,707.35,503.53
557,120.72,733.36,469.68,337.22,697.69,492.8
558,143.24,755.62,461.7,324.38,693.73,481.77
559,177.62,769.28,454.46,317.33,682.95,478.59
560,180.7,775.43,449.21,315.43,705.34,479.86
561,186.23,797.71,453.06,320.16,713.98,478.74
562,184.39,840.92,460.08,314.85,704.16,484.06
563,172.57,854.44,461.55,321.5,713.25,494.86
564,171.18,866.85,457.36,334.86,728.4,493.59
565,121.48,771.86,455.31,347.04,722.63,498.38
566,130.15,581.13,457.12,350.85,730.95,510.26
567,123.95,500.84,462.15,358.25,718.46,516.82
568,121.58,474.12,470.92,366.25,716.0,513.87
569,114.39,443.77,473.36,370.17,696.65,511.99
570,103.89,437.62,470.37,375.64,679.43,508.47
571,105.17,451.1,465.84,364.73,673.23,500.59
572,105.34,400.69,465.64,351.74,662.89,500.13
573,101.81,379.03,471.15,350.81,664.56,498.92
574,84.46,395.5,483.67,352.63,667.28,503.28
575,44.86,411.1,499.59,356.3,649.92,511.21
576,55.19,489.81,512.7,362.3,652.15,518.69
577,53.16,629.7,513.98,368.55,691.04,522.54
578,58.53,715.35,518.6,370.55,712.53,519.32
579,76.8,709.43,519.41,371.13,705.09,513.82
580,79.65,703.45,515.22,374.03,700.86,506.35
581,105.79,737.87,499.09,375.62,728.12,497.19
582,101.29,736.57,488.72,370.86,736.71,493.07
583,94.52,743.24,482.28,364.19,729.89,493.79
584,96.54,770.29,474.91,359.8,733.03,493.18
585,99.22,764.5,478.45,359.19,728.49,490.64
586,98.86,726.56,488.0,359.11,728.66,493.77
587,96.81,707.9,488.53,363.57,726.49,495.27
588,93.91,732.02,484.01,369.92,742.25,478.7
589,81.53,616.9,482.81,373.92,747.59,475.01
590,73.81,436.25,480.14,376.38,741.72,490.62
591,78.41,380.45,479.42,384.64,736.1,507.07
592,81.4,367.85,480.19,377.81,715.55,523.5
593,80.51,389.83,478.8,371.02,695.29,523.87
594,77.17,377.22,483.37,366.87,689.43,523.34
595,76.03,352.55,482.49,380.05,667.19,520.55
596,77.06,347.53,487.51,385.5,655.52,518.41
597,77.99,375.9,493.31,378.43,657.07,519.73
598,73.23,404.85,500.12,368.41,661.98,522.6
599,48.24,451.91,507.21,367.1,661.75,528.52
600,57.0,507.64,510.81,366.96,687.92,537.19
601,46.74,663.53,510.13,373.54,703.64,540.07
602,53.26,788.46,511.46,383.07,694.53,540.25
603,50.06,755.86,508.65,389.99,668.13,527.47
604,50.33,720.01,501.78,392.51,704.69,512.21
605,80.35,752.5,495.85,378.88,733.71,498.99
606,82.07,745.34,484.84,365.21,732.2,492.67
607,81.64,760.35,475.94,354.45,739.04,479.35
608,101.37,769.77,470.76,351.84,725.87,473.78
609,100.17,750.56,467.79,357.35,721.66,469.26
610,102.26,763.79,463.71,362.22,719.85,467.25
611,108.5,773.1,454.31,355.52,721.33,458.17
612,113.02,768.7,443.02,364.26,731.45,438.08
613,116.81,652.62,444.72,368.06,733.84,444.53
614,109.35,471.16,455.32,370.12,722.79,468.55
615,115.3,398.71,466.07,379.74,716.43,481.88
616,116.15,385.28,471.06,384.34,703.52,502.87
617,113.03,350.41,476.98,389.69,686.84,509.02
618,112.6,321.55,472.72,383.37,679.59,511.91
619,108.89,339.23,471.76,379.78,679.81,516.08
620,104.46,342.82,474.21,379.71,674.01,514.29
621,97.74,342.15,481.47,379.84,673.41,512.66
622,91.9,349.02,489.73,384.06,664.61,519.28
623,55.09,370.89,498.3,384.92,668.94,524.92
624,54.35,400.72,506.94,381.15,676.33,542.1
625,49.31,574.36,509.17,382.99,678.45,539.89
626,54.42,744.21,513.27,374.36,682.83,542.77
627,46.14,776.91,506.85,362.23,684.24,535.99
628,58.24,780.93,493.66,358.58,686.16,525.26
629,84.55,792.15,483.95,352.41,667.82,502.59
630,83.77,792.51,474.3,352.58,672.95,501.2
631,107.98,766.43,464.68,346.81,659.76,499.55
632,107.97,743.88,457.7,349.7,648.64,488.1
633,108.68,706.01,455.59,351.07,659.03,481.27
634,126.23,677.94,454.31,353.47,652.94,481.51
635,125.98,682.29,452.64,356.82,648.84,466.51
636,122.9,685.8,446.34,356.72,662.78,424.69
637,135.68,607.94,446.58,363.09,699.46,418.14
638,122.88,442.39,458.36,370.91,689.06,443.86
639,122.1,415.51,469.34,379.33,692.35,459.05
640,122.61,402.71,471.9,384.83,691.08,485.08
641,121.62,433.88,485.15,387.2,676.22,488.79
642,122.93,435.43,484.35,387.75,660.51,490.41
643,119.2,404.09,483.55,385.44,646.08,494.34
644,117.42,399.9,486.62,385.16,641.5,499.27
645,116.63,404.45,490.73,383.38,632.83,503.78
646,106.65,429.15,495.41,383.85,630.21,510.93
647,64.61,459.36,501.24,388.05,630.78,533.01
648,65.84,515.97,507.74,391.07,647.47,550.09
649,60.46,649.01,507.67,392.89,644.02,549.29
650,62.92,784.38,511.23,392.59,618.58,554.81
651,74.48,802.31,510.81,393.87,586.15,547.03
652,83.84,795.95,498.2,392.38,562.54,536.9
653,107.16,774.18,487.66,385.49,535.3,513.19
654,107.17,765.47,482.7,376.52,528.51,507.69
655,140.24,769.57,476.6,363.37,541.76,506.66
656,150.36,790.39,472.62,368.58,550.77,504.35
657,151.29,791.69,474.1,373.73,563.68,505.86
658,151.33,792.72,481.62,380.1,528.59,507.4
659,153.78,793.76,485.4,384.33,519.36,503.79
660,157.81,807.08,480.81,396.5,570.7,481.49
661,118.81,649.21,475.37,401.23,626.02,487.54
662,115.41,444.59,478.34,402.57,625.24,505.73
663,113.06,454.73,485.84,407.5,624.82,524.85
664,128.13,505.42,486.7,408.68,646.81,530.85
665,148.82,546.61,488.18,395.53,664.35,531.59
666,141.78,549.97,481.7,380.83,661.43,522.69
667,122.77,543.84,484.12,376.87,654.84,519.68
668,116.75,537.61,487.07,375.67,646.81,513.99
669,113.88,536.29,486.61,380.7,654.73,516.82
670,100.85,546.89,495.44,381.14,646.56,522.53
671,66.71,588.6,511.15,378.64,647.14,529.19
672,61.8,582.84,520.32,372.72,659.19,539.61
673,59.18,628.54,518.2,373.11,686.47,547.49
674,57.82,720.78,519.93,378.7,681.1,550.2
675,70.37,746.15,521.31,398.91,641.84,550.23
676,86.36,727.76,512.31,399.73,652.33,547.65
677,121.75,708.39,504.97,394.91,677.79,542.79
678,125.34,695.3,495.59,380.29,691.48,541.59
679,143.23,699.03,484.97,372.34,699.38,529.35
680,160.22,735.2,479.43,374.99,669.85,522.93
681,164.84,786.21,474.81,378.01,692.6,521.34
682,182.62,778.89,477.29,385.51,702.43,534.99
683,188.14,754.61,474.5,391.24,734.14,529.23
684,159.7,753.01,478.35,400.65,724.46,513.69
685,147.07,671.07,476.58,406.4,735.22,522.09
686,157.27,567.26,480.77,412.37,732.61,521.65
687,155.27,557.97,483.42,412.97,732.77,530.8
688,146.95,530.85,483.91,399.06,722.41,533.04
689,131.15,521.32,483.69,386.12,708.49,534.98
690,130.87,546.57,484.62,384.63,684.6,532.36
691,106.7,541.43,489.0,381.1,659.64,535.45
692,101.72,547.41,492.91,382.22,648.64,536.16
693,100.08,557.64,498.63,392.37,640.21,538.1
694,91.92,539.77,505.48,394.65,653.61,534.26
695,71.91,508.84,515.63,391.71,648.51,530.01
696,65.39,551.57,523.32,388.36,659.95,533.53
697,60.62,631.42,524.51,382.67,674.5,534.14
698,62.47,681.65,525.76,396.13,668.68,536.72
699,92.07,657.61,521.8,417.92,644.98,530.38
700,99.46,730.75,510.63,427.79,667.18,518.84
701,140.66,826.17,506.88,416.91,661.03,514.97
702,161.69,812.08,503.09,406.53,648.73,519.88
703,153.04,813.2,493.95,399.86,659.91,515.64
704,184.43,807.53,486.74,397.16,655.74,508.14
705,204.24,828.58,487.68,396.44,649.68,507.43
706,206.95,835.92,492.28,396.88,684.23,513.69
707,200.5,812.03,490.38,397.09,721.78,517.69
708,184.93,825.03,481.43,405.48,727.82,499.97
709,158.87,743.85,473.83,406.23,760.66,486.41
710,153.38,588.81,470.07,407.14,756.67,475.05
711,140.23,509.43,475.8,411.71,739.88,488.17
712,127.76,489.0,476.52,399.14,737.43,510.2
713,126.98,484.09,474.7,386.52,728.73,518.36
714,120.67,514.67,476.35,380.12,713.8,519.85
715,99.05,515.99,480.0,373.39,692.38,519.55
716,96.42,477.79,480.03,381.59,701.16,518.9
717,95.23,473.2,488.11,388.48,706.8,509.48
718,89.65,473.76,499.77,387.8,702.03,515.55
719,61.57,476.3,506.98,371.37,699.58,518.61
720,61.66,492.63,504.8,365.17,706.58,527.77
721,58.93,568.68,506.09,373.2,718.01,532.73
722,63.85,702.27,508.48,390.17,721.46,537.19
723,70.22,755.7,503.79,401.32,736.54,529.04
724,75.58,780.4,494.02,398.73,717.25,523.95
725,150.6,718.83,484.19,388.4,695.77,517.61
726,175.14,679.77,474.46,379.74,697.75,513.35
727,155.85,725.83,467.38,374.85,696.56,503.82
728,169.08,788.91,457.87,370.7,704.77,498.81
729,173.73,808.06,454.22,380.13,715.28,499.71
730,178.25,788.35,454.5,382.3,744.01,501.28
731,179.65,772.89,454.16,384.45,731.14,501.23
732,169.22,778.78,448.41,389.95,696.72,481.47
733,135.87,692.77,442.24,394.71,695.89,480.9
734,140.33,491.78,446.73,392.12,709.43,493.65
735,134.47,469.41,450.67,398.25,703.33,512.75
736,124.2,460.49,451.52,397.01,709.81,516.3
737,122.35,499.69,443.21,398.57,687.13,515.33
738,118.16,506.66,442.57,402.7,680.12,511.91
739,116.72,521.68,439.93,397.77,665.94,508.08
740,115.86,535.03,442.65,384.37,669.33,505.45
741,107.47,498.01,447.91,382.87,664.59,499.87
742,100.09,461.96,453.76,377.74,658.59,499.04
743,56.15,447.75,459.49,378.87,672.93,509.65
744,62.23,501.49,467.71,376.09,677.19,525.84
745,58.5,632.24,476.25,366.08,695.48,531.45
746,64.02,700.88,468.59,355.82,693.43,531.3
747,73.85,726.86,458.54,348.1,698.85,519.48
748,84.98,770.95,440.76,343.64,699.91,515.73
749,128.36,744.31,433.73,337.03,686.84,492.92
750,132.63,758.01,429.31,331.75,653.38,490.08
751,151.9,749.73,424.99,326.41,631.42,485.56
752,173.83,779.15,422.42,323.67,635.09,481.28
753,182.93,837.28,423.97,326.19,646.91,485.21
754,184.4,861.16,430.11,326.36,671.75,490.12
755,179.67,861.06,431.49,331.91,714.06,482.29
756,175.87,867.94,427.64,340.37,716.57,460.03
757,162.05,751.39,421.45,342.78,744.78,459.4
758,150.49,533.23,421.76,341.52,753.22,469.78
759,134.85,452.25,421.58,346.49,744.82,480.81
760,148.9,454.18,417.58,345.28,737.77,495.23
761,147.77,499.43,414.85,347.66,708.3,501.37
762,149.89,515.05,414.72,348.03,707.55,499.9
763,147.28,510.83,408.08,340.33,698.06,500.51
764,152.82,495.66,405.42,334.22,683.61,499.99
765,144.03,506.97,407.51,340.58,668.49,495.02
766,142.11,470.86,414.92,345.9,677.06,491.52
767,102.91,478.87,423.74,349.61,694.64,494.44
768,78.34,514.44,436.66,351.85,703.26,500.78
769,71.19,589.76,441.93,349.83,710.84,503.21
770,85.2,729.97,437.68,342.44,712.66,497.85
771,82.15,728.53,429.0,349.78,712.67,491.36
772,87.16,741.45,419.0,336.86,730.6,478.42
773,132.09,777.46,412.65,331.05,724.33,475.07
774,110.12,806.12,408.56,322.31,751.1,475.19
775,123.26,831.58,405.82,325.8,760.03,477.92
776,137.3,854.88,402.53,323.24,699.12,475.92
777,141.22,850.44,402.57,320.58,683.39,472.31
778,149.62,834.68,402.99,315.38,677.23,474.68
779,153.83,809.07,397.9,318.46,714.06,469.77
780,153.04,792.9,385.41,320.04,704.04,453.27
781,139.4,658.14,376.68,321.05,722.39,444.42
782,125.56,458.59,372.93,323.03,759.8,448.02
783,120.84,419.5,370.86,317.84,756.5,455.85
784,113.92,446.8,369.3,319.16,765.34,464.35
785,119.38,492.96,369.75,322.08,772.15,467.72
786,118.57,509.31,376.17,323.99,754.42,470.35
787,118.29,448.48,376.65,324.32,738.08,472.57
788,117.74,452.12,376.37,332.83,729.05,476.68
789,104.6,451.54,379.33,342.84,729.47,485.11
790,83.25,446.76,390.0,342.47,713.23,491.9
791,62.45,426.39,409.14,346.31,698.78,491.78
792,50.49,502.95,425.96,343.25,719.87,490.19
793,50.43,646.63,429.3,337.44,720.44,487.03
794,49.84,760.16,426.63,335.55,720.99,484.67
795,60.93,763.25,423.82,336.56,708.31,477.24
796,64.87,752.46,411.66,329.77,704.01,470.87
797,93.96,809.79,404.95,320.85,663.92,463.81
798,129.9,844.25,401.44,307.76,592.16,455.87
799,144.88,821.16,397.49,298.94,567.61,448.11
800,147.63,776.47,394.36,290.71,588.51,448.25
801,154.27,760.4,393.42,288.38,583.19,448.83
802,150.73,715.0,393.17,295.0,602.64,452.0
803,145.26,729.08,383.07,301.37,665.13,452.04
804,147.46,735.48,357.78,302.92,662.85,445.28
805,145.15,622.84,348.56,309.89,667.48,444.66
806,142.95,465.53,350.3,305.66,730.04,443.28
807,122.99,424.52,353.19,308.27,767.7,434.85
808,121.8,417.63,357.52,312.6,771.86,434.31
809,113.98,431.95,365.4,321.33,762.45,438.77
810,114.28,487.12,376.99,334.02,731.72,448.16
811,116.02,495.96,384.57,337.23,697.8,454.52
812,120.99,499.9,393.34,345.97,672.13,457.27
813,118.32,516.4,399.58,350.75,685.86,462.71
814,115.41,577.34,411.47,344.58,712.67,467.72
815,92.64,588.24,426.09,344.8,711.84,464.4
816,72.19,631.69,437.96,347.43,704.42,469.88
817,48.81,737.92,437.56,347.39,705.24,471.95
818,45.31,778.06,438.11,350.96,739.0,452.58
819,69.15,772.06,436.37,345.5,776.12,437.0
820,81.19,738.11,422.92,345.43,810.81,436.45
821,95.35,714.58,412.79,334.6,786.15,431.75
822,95.56,705.77,401.19,320.42,771.14,429.8
823,128.43,700.05,396.48,316.0,744.94,427.72
824,125.99,694.11,396.62,314.69,733.96,429.5
825,124.79,679.53,400.79,320.94,721.86,432.8
826,126.12,650.33,405.18,326.6,737.09,446.5
827,121.89,706.1,405.92,336.62,765.4,464.55
828,126.1,803.73,400.17,340.78,754.21,472.06
829,92.64,730.21,394.9,344.86,754.22,470.33
830,98.71,542.68,391.47,346.98,766.43,461.48
831,99.68,502.14,394.95,353.62,752.3,450.1
832,101.89,497.05,400.65,359.2,744.07,447.93
833,105.51,506.84,407.55,368.42,730.18,451.1
834,108.13,502.89,404.99,377.97,737.4,446.37
835,113.77,506.98,400.27,377.64,715.45,442.32
836,111.32,488.43,406.73,377.33,715.87,433.97
837,110.66,516.88,412.53,374.87,692.12,447.31
838,92.64,570.37,424.83,374.1,690.73,467.61
839,74.4,596.84,442.51,377.59,704.0,483.86
840,73.99,649.68,451.64,382.36,712.44,487.53
841,59.38,711.41,453.87,385.98,722.83,487.46
842,59.65,704.95,452.66,389.79,724.79,482.44
843,71.22,685.61,445.42,385.11,744.4,481.28
844,84.8,681.04,434.32,374.47,741.76,479.08
845,120.17,661.97,428.41,364.49,728.77,476.11
846,127.05,635.61,424.05,357.71,655.15,465.6
847,135.02,584.02,419.56,354.0,610.5,459.57
848,134.73,575.95,416.72,354.15,585.11,465.36
849,141.98,591.89,419.71,355.94,600.48,476.82
850,147.25,633.6,427.38,353.16,647.95,484.12
851,147.2,668.51,431.88,356.75,705.79,493.56
852,144.74,732.1,427.26,358.53,735.0,479.98
853,111.87,707.34,420.49,363.74,762.05,471.31
854,119.28,528.96,415.28,365.15,786.66,456.55
855,112.82,444.1,417.83,376.56,764.16,455.88
856,109.17,413.98,423.22,384.52,731.6,457.92
857,134.13,420.4,433.53,389.34,719.33,462.84
858,138.54,455.29,433.98,388.07,702.8,470.53
859,134.57,483.43,429.66,383.64,690.32,471.56
860,133.64,481.37,431.04,379.76,677.31,467.29
861,105.58,500.08,435.61,374.81,664.83,470.07
862,90.94,526.58,438.42,380.54,655.22,460.1
863,74.15,538.56,444.23,381.56,656.08,472.91
864,68.78,576.74,450.21,379.59,646.2,486.83
865,45.41,672.04,460.91,381.08,635.49,491.16
866,37.96,756.39,460.03,390.48,628.68,490.41
867,61.9,795.63,453.76,395.54,600.31,490.02
868,79.9,837.29,445.57,381.22,580.2,478.2
869,102.59,884.17,437.39,371.74,540.47,471.16
870,124.3,886.96,433.25,366.51,538.04,462.49
871,113.57,846.87,428.26,364.3,571.92,455.16
872,109.94,857.71,425.27,365.1,555.14,458.57
873,112.79,861.44,423.84,369.79,551.53,462.78
874,114.83,859.07,432.89,373.73,564.81,475.95
875,106.39,856.8,441.21,375.99,593.24,484.55
876,94.75,858.87,438.44,375.64,642.71,474.62
877,87.05,765.0,438.03,376.1,664.7,465.05
878,99.62,557.02,435.35,374.0,656.08,463.37
879,98.74,522.07,437.06,376.77,630.54,462.25
880,103.72,531.9,435.52,383.49,643.65,477.33
881,107.55,578.36,438.83,385.56,616.96,483.07
882,105.04,584.4,434.5,384.49,633.31,479.54
883,100.53,578.17,431.43,385.78,626.67,472.24
884,101.58,549.07,431.9,379.05,631.98,475.17
885,91.25,537.41,434.71,376.58,647.86,474.66
886,73.63,570.4,443.32,377.02,661.93,478.86
887,67.41,613.74,453.39,379.42,666.67,496.69
888,60.57,643.84,460.18,385.29,668.28,502.06
889,61.15,676.94,468.22,389.31,672.86,499.26
890,59.86,709.32,468.67,382.93,661.48,498.03
891,61.91,727.05,466.72,380.38,647.39,497.91
892,81.43,722.07,452.64,363.51,632.8,493.18
893,105.45,693.08,443.81,354.48,626.02,488.79
894,107.48,718.97,435.52,350.35,537.01,475.07
895,131.99,747.54,426.26,346.24,592.69,468.26
896,132.23,770.69,422.16,344.73,584.99,468.13
897,133.8,734.74,425.47,353.32,590.97,468.45
898,134.86,725.0,434.51,350.61,623.96,481.45
899,125.64,703.54,439.01,357.6,676.55,484.86
900,112.09,721.25,431.28,361.6,699.03,483.51
901,97.82,637.52,427.54,366.41,699.82,481.08
902,93.47,503.15,431.22,363.15,682.15,472.97
903,95.37,410.12,435.24,364.95,649.66,475.84
904,96.2,363.89,442.09,373.05,673.96,472.93
905,93.18,348.53,439.77,377.22,636.35,468.89
906,95.98,353.28,439.29,380.16,643.81,465.34
907,92.18,391.36,442.69,377.46,627.04,467.58
908,89.04,413.98,446.79,375.31,626.74,469.15
909,84.29,420.75,452.77,368.8,636.44,476.23
910,74.62,492.53,456.73,364.5,644.47,476.7
911,62.27,538.35,466.2,366.65,654.35,483.08
912,66.11,562.14,470.47,368.83,659.98,496.25
913,44.08,619.75,478.29,371.66,666.05,501.88
914,41.67,679.99,477.8,376.22,657.0,503.09
915,57.67,694.47,473.43,368.76,631.59,505.04
916,56.29,704.73,463.44,359.95,618.61,489.12
917,78.37,709.38,451.15,353.22,535.7,472.73
918,87.5,739.87,439.76,348.62,525.1,463.91
919,108.41,787.3,429.3,345.94,497.61,458.44
920,113.94,772.5,420.84,343.29,481.09,456.5
921,117.41,660.23,419.25,343.73,481.96,459.63
922,116.39,641.79,426.68,347.83,505.03,471.15
923,116.31,676.85,428.37,350.69,515.27,474.79
924,96.03,729.31,417.57,353.59,514.39,465.34
925,75.65,688.05,411.91,359.16,563.15,462.28
926,83.85,547.94,417.18,361.64,603.68,459.43
927,98.21,478.78,420.71,366.85,613.85,460.14
928,109.32,465.34,427.6,370.13,620.77,457.96
929,105.53,473.48,428.43,374.75,622.44,454.2
930,104.91,455.16,424.5,373.72,610.72,454.02
931,103.82,408.21,423.15,377.94,600.73,452.62
932,103.39,416.0,430.3,380.95,583.04,453.24
933,97.26,449.03,440.49,374.66,594.06,454.58
934,101.93,445.92,452.39,375.48,612.69,456.98
935,78.91,445.14,462.21,371.22,623.21,474.26
936,59.34,472.75,469.91,375.11,618.34,487.39
937,49.07,570.45,470.98,376.84,609.78,499.22
938,45.09,664.55,468.6,371.68,595.0,505.18
939,60.75,711.11,467.53,364.99,577.5,499.2
940,63.7,732.07,451.29,349.83,593.79,494.22
941,85.7,754.65,438.5,337.71,609.19,472.53
942,85.14,791.88,425.45,325.47,603.99,461.45
943,131.26,804.02,416.18,320.51,613.52,455.94
944,135.49,812.03,413.87,325.33,593.07,451.21
945,140.28,824.16,411.86,325.01,576.4,447.54
946,143.16,836.23,413.33,329.28,552.28,450.0
947,139.03,851.56,405.34,337.89,532.13,450.2
948,129.04,865.82,386.43,349.17,519.76,447.68
949,104.5,787.81,380.51,359.34,589.2,463.63
950,112.07,550.74,384.95,357.36,658.95,453.17
951,115.38,483.39,393.59,356.71,686.38,451.23
952,115.69,473.69,402.89,360.89,709.77,453.99
953,111.57,490.53,414.19,368.45,668.65,459.6
954,114.76,520.23,424.07,374.38,672.69,455.29
955,109.96,498.43,427.26,378.18,659.78,463.16
956,110.83,471.8,430.45,378.93,653.42,466.22
957,101.96,505.4,439.33,376.84,661.56,479.7
958,94.07,559.94,451.63,371.21,647.68,491.98
959,56.97,600.82,465.31,365.91,671.83,497.95
960,51.35,642.53,475.99,373.33,655.96,501.79
961,51.66,716.72,476.42,378.77,650.18,497.28
962,50.61,767.37,472.58,384.26,654.6,497.78
963,63.14,768.06,469.6,380.45,657.84,493.99
964,66.3,779.37,452.09,363.14,654.17,490.7
965,105.28,798.21,440.67,348.15,642.14,476.52
966,97.69,802.83,436.57,339.69,588.66,468.6
967,132.92,818.97,428.41,332.2,567.58,454.21
968,133.76,847.04,424.76,332.04,542.52,443.45
969,133.33,857.98,421.19,334.87,523.8,436.45
970,137.86,859.01,420.65,336.12,570.55,435.98
971,140.47,849.76,412.76,340.94,589.48,442.43
972,138.45,846.38,396.39,347.02,566.79,453.29
973,132.9,756.13,393.87,362.4,578.83,475.32
974,130.75,531.02,401.38,364.8,686.61,470.9
975,126.33,454.04,409.41,365.8,745.07,470.14
976,109.91,446.75,418.8,371.22,732.28,470.66
977,111.35,448.93,431.92,382.13,712.92,471.53
978,120.66,467.69,441.48,390.4,706.92,470.8
979,110.54,481.16,445.14,391.35,684.73,481.98
980,94.94,420.93,450.73,383.76,668.25,496.03
981,82.87,493.63,456.25,378.75,677.36,499.03
982,74.59,514.63,464.44,375.78,671.4,502.73
983,43.31,535.34,478.01,376.85,681.1,507.11
984,42.82,586.16,485.56,379.89,694.54,513.73
985,37.73,693.9,485.8,384.31,702.07,511.15
986,37.35,766.76,487.31,390.85,697.43,501.52
987,45.3,732.93,477.25,389.36,718.7,496.7
988,47.2,723.24,463.18,373.98,734.72,487.56
989,57.32,758.55,450.94,363.75,727.23,467.41
990,63.79,788.38,443.56,353.28,698.46,459.41
991,68.23,811.45,441.27,346.84,668.97,455.18
992,79.75,837.9,441.88,345.43,682.85,452.55
993,89.78,869.21,450.4,353.02,679.26,457.4
994,100.98,878.68,464.09,369.21,650.22,475.86
995,89.81,878.4,472.45,375.39,674.24,488.8
996,78.41,858.23,467.13,382.03,712.98,479.2
997,69.19,728.34,464.13,391.47,727.02,474.97
998,66.38,529.51,463.61,394.63,719.17,473.06
999,69.7,521.22,470.29,400.28,743.5,471.12
